Logged started on,27/07/2024 19:58:10
Feature,Accelerometer
Nodes,AM1V420 @425DB9

Date,HostTimestamp,NodeName,NodeTimestamp,RawData,X (mg),Y (mg),Z (mg)
27/07/2024 19:59:55.480,104828,AM1V420 @425DB9,31895,9BFF31FC1DFF,-101,-975,-227
27/07/2024 19:59:55.539,104881,AM1V420 @425DB9,31901,72FF18FC7DFF,-142,-1000,-131
27/07/2024 19:59:55.599,104940,AM1V420 @425DB9,31907,7BFF4AFC86FF,-133,-950,-122
27/07/2024 19:59:55.629,104971,AM1V420 @425DB9,31913,B8FF33FC94FF,-72,-973,-108
27/07/2024 19:59:55.689,105031,AM1V420 @425DB9,31920,66FF2EFCA3FF,-154,-978,-93
27/07/2024 19:59:55.749,105091,AM1V420 @425DB9,31926,6DFF4FFCB6FF,-147,-945,-74
27/07/2024 19:59:55.778,105120,AM1V420 @425DB9,31932,E4FFEDFBCAFF,-28,-1043,-54
27/07/2024 19:59:55.839,105181,AM1V420 @425DB9,31938,CFFF43FC5B00,-49,-957,91
27/07/2024 19:59:55.899,105241,AM1V420 @425DB9,31945,EFFF63FC6C00,-17,-925,108
27/07/2024 19:59:55.929,105270,AM1V420 @425DB9,31951,3B0081FCC800,59,-895,200
27/07/2024 19:59:55.989,105331,AM1V420 @425DB9,31957,19003BFCD400,25,-965,212
27/07/2024 19:59:56.049,105391,AM1V420 @425DB9,31963,460000FCEC00,70,-1024,236
27/07/2024 19:59:56.078,105420,AM1V420 @425DB9,31970,02001FFC1C01,2,-993,284
27/07/2024 19:59:56.139,105481,AM1V420 @425DB9,31976,3B0038FCE300,59,-968,227
27/07/2024 19:59:56.199,105541,AM1V420 @425DB9,31982,020040FC2301,2,-960,291
27/07/2024 19:59:56.229,105571,AM1V420 @425DB9,31988,FBFF36FC2E01,-5,-970,302
27/07/2024 19:59:56.289,105631,AM1V420 @425DB9,31995,600038FC7701,96,-968,375
27/07/2024 19:59:56.349,105691,AM1V420 @425DB9,32001,4A0013FC9901,74,-1005,409
27/07/2024 19:59:56.378,105720,AM1V420 @425DB9,32007,DEFFEEFB7201,-34,-1042,370
27/07/2024 19:59:56.439,105781,AM1V420 @425DB9,32013,5400A8FB2A01,84,-1112,298
27/07/2024 19:59:56.499,105841,AM1V420 @425DB9,32020,DFFF10FCAC00,-33,-1008,172
27/07/2024 19:59:56.528,105869,AM1V420 @425DB9,32026,26003EFC1101,38,-962,273
27/07/2024 19:59:56.589,105931,AM1V420 @425DB9,32032,3C0033FC3F01,60,-973,319
27/07/2024 19:59:56.649,105991,AM1V420 @425DB9,32038,3F0075FCA001,63,-907,416
27/07/2024 19:59:56.679,106021,AM1V420 @425DB9,32045,500061FC8501,80,-927,389
27/07/2024 19:59:56.739,106080,AM1V420 @425DB9,32051,FFFF72FC5701,-1,-910,343
27/07/2024 19:59:56.799,106141,AM1V420 @425DB9,32057,260040FCA901,38,-960,425
27/07/2024 19:59:56.830,106172,AM1V420 @425DB9,32063,1C00DFFBC401,28,-1057,452
27/07/2024 19:59:56.889,106231,AM1V420 @425DB9,32070,160027FCA601,22,-985,422
27/07/2024 19:59:56.951,106293,AM1V420 @425DB9,32076,8A000EFCB201,138,-1010,434
27/07/2024 19:59:56.980,106322,AM1V420 @425DB9,32082,7A006EFCC601,122,-914,454
27/07/2024 19:59:57.039,106381,AM1V420 @425DB9,32088,EBFF45FCCC01,-21,-955,460
27/07/2024 19:59:57.099,106441,AM1V420 @425DB9,32095,380030FC5901,56,-976,345
27/07/2024 19:59:57.130,106472,AM1V420 @425DB9,32101,B8FF46FC4301,-72,-954,323
27/07/2024 19:59:57.189,106531,AM1V420 @425DB9,32107,F2FF5CFCFD00,-14,-932,253
27/07/2024 19:59:57.249,106591,AM1V420 @425DB9,32113,FEFF39FC0A01,-2,-967,266
27/07/2024 19:59:57.278,106620,AM1V420 @425DB9,32120,EDFF2CFC4201,-19,-980,322
27/07/2024 19:59:57.339,106681,AM1V420 @425DB9,32126,F5FF31FC8E01,-11,-975,398
27/07/2024 19:59:57.399,106741,AM1V420 @425DB9,32132,DEFFFDFB7901,-34,-1027,377
27/07/2024 19:59:57.428,106770,AM1V420 @425DB9,32138,DFFFD7FB0B01,-33,-1065,267
27/07/2024 19:59:57.489,106831,AM1V420 @425DB9,32145,F0FF16FC0F01,-16,-1002,271
27/07/2024 19:59:57.549,106891,AM1V420 @425DB9,32151,D5FF4CFC5801,-43,-948,344
27/07/2024 19:59:57.579,106921,AM1V420 @425DB9,32157,FDFF33FC4601,-3,-973,326
27/07/2024 19:59:57.639,106981,AM1V420 @425DB9,32163,120042FC4701,18,-958,327
27/07/2024 19:59:57.699,107041,AM1V420 @425DB9,32170,1C0063FC4101,28,-925,321
27/07/2024 19:59:57.729,107071,AM1V420 @425DB9,32176,F0FF62FC1001,-16,-926,272
27/07/2024 19:59:57.789,107131,AM1V420 @425DB9,32182,EEFF6DFC0301,-18,-915,259
27/07/2024 19:59:57.849,107191,AM1V420 @425DB9,32188,02005AFC1401,2,-934,276
27/07/2024 19:59:57.882,107224,AM1V420 @425DB9,32195,08002FFC2401,8,-977,292
27/07/2024 19:59:57.939,107281,AM1V420 @425DB9,32201,F2FF25FC1B01,-14,-987,283
27/07/2024 19:59:57.999,107341,AM1V420 @425DB9,32207,F5FF18FC3701,-11,-1000,311
27/07/2024 19:59:58.028,107370,AM1V420 @425DB9,32213,120017FC6701,18,-1001,359
27/07/2024 19:59:58.089,107431,AM1V420 @425DB9,32220,030021FC5901,3,-991,345
27/07/2024 19:59:58.148,107491,AM1V420 @425DB9,32226,F3FF36FC1E01,-13,-970,286
27/07/2024 19:59:58.179,107521,AM1V420 @425DB9,32232,FBFF29FC2701,-5,-983,295
27/07/2024 19:59:58.239,107581,AM1V420 @425DB9,32238,F8FF28FC1B01,-8,-984,283
27/07/2024 19:59:58.299,107641,AM1V420 @425DB9,32245,09003BFC0701,9,-965,263
27/07/2024 19:59:58.328,107670,AM1V420 @425DB9,32251,F9FF40FC1F01,-7,-960,287
27/07/2024 19:59:58.389,107731,AM1V420 @425DB9,32257,0F0033FC2201,15,-973,290
27/07/2024 19:59:58.450,107792,AM1V420 @425DB9,32263,FCFF5AFC2901,-4,-934,297
27/07/2024 19:59:58.478,107820,AM1V420 @425DB9,32270,120051FC2C01,18,-943,300
27/07/2024 19:59:58.539,107880,AM1V420 @425DB9,32276,05004FFC1801,5,-945,280
27/07/2024 19:59:58.629,107971,AM1V420 @425DB9,32282,E1FF50FC3401,-31,-944,308
27/07/2024 19:59:58.650,107992,AM1V420 @425DB9,32288,ECFF8BFC3701,-20,-885,311
27/07/2024 19:59:58.689,108030,AM1V420 @425DB9,32295,8BFFB8FC2601,-117,-840,294
27/07/2024 19:59:58.749,108091,AM1V420 @425DB9,32301,51FFB0FC0601,-175,-848,262
27/07/2024 19:59:58.780,108122,AM1V420 @425DB9,32307,A40016FDB200,164,-746,178
27/07/2024 19:59:58.839,108181,AM1V420 @425DB9,32313,98007DFCB500,152,-899,181
27/07/2024 19:59:58.899,108241,AM1V420 @425DB9,32320,F8FF7AFBD5FF,-8,-1158,-43
27/07/2024 19:59:58.929,108270,AM1V420 @425DB9,32326,82FFB1F82800,-126,-1871,40
27/07/2024 19:59:58.989,108331,AM1V420 @425DB9,32332,A20039F8A6FD,162,-1991,-602
27/07/2024 19:59:59.049,108391,AM1V420 @425DB9,32338,5E0084FA7402,94,-1404,628
27/07/2024 19:59:59.078,108419,AM1V420 @425DB9,32345,9A0060FE8D01,154,-416,397
27/07/2024 19:59:59.138,108480,AM1V420 @425DB9,32351,7CFED0FD5002,-388,-560,592
27/07/2024 19:59:59.199,108541,AM1V420 @425DB9,32357,600022F95803,96,-1758,856
27/07/2024 19:59:59.228,108570,AM1V420 @425DB9,32363,0A0432F80103,1034,-1998,769
27/07/2024 19:59:59.289,108631,AM1V420 @425DB9,32370,2F0237FDCB01,559,-713,459
27/07/2024 19:59:59.349,108691,AM1V420 @425DB9,32376,1EFE7701C101,-482,375,449
27/07/2024 19:59:59.378,108720,AM1V420 @425DB9,32382,F4FEC2FFE9FF,-268,-62,-23
27/07/2024 19:59:59.439,108781,AM1V420 @425DB9,32388,6E004EFC5A02,110,-946,602
27/07/2024 19:59:59.499,108841,AM1V420 @425DB9,32395,2FFD32F879FE,-721,-1998,-391
27/07/2024 19:59:59.529,108870,AM1V420 @425DB9,32401,610292055F04,609,1426,1119
27/07/2024 19:59:59.589,108931,AM1V420 @425DB9,32407,F701BA00F5FF,503,186,-11
27/07/2024 19:59:59.649,108991,AM1V420 @425DB9,32413,21019AFC73FC,289,-870,-909
27/07/2024 19:59:59.678,109020,AM1V420 @425DB9,32420,2FFE7EFA4302,-465,-1410,579
27/07/2024 19:59:59.739,109081,AM1V420 @425DB9,32426,5301FAFC3103,339,-774,817
27/07/2024 19:59:59.799,109141,AM1V420 @425DB9,32432,22FE70018803,-478,368,904
27/07/2024 19:59:59.829,109170,AM1V420 @425DB9,32438,7600DF02E2FF,118,735,-30
27/07/2024 19:59:59.889,109231,AM1V420 @425DB9,32445,BFFCF0FA1E00,-833,-1296,30
27/07/2024 19:59:59.949,109291,AM1V420 @425DB9,32451,5AFA32F81601,-1446,-1998,278
27/07/2024 19:59:59.979,109320,AM1V420 @425DB9,32457,7D00A3FE3506,125,-349,1589
27/07/2024 20:00:00.039,109381,AM1V420 @425DB9,32463,8203D901F101,898,473,497
27/07/2024 20:00:00.100,109442,AM1V420 @425DB9,32470,BE0020FFEBFF,190,-224,-21
27/07/2024 20:00:00.130,109472,AM1V420 @425DB9,32476,75FEC5F93202,-395,-1595,562
27/07/2024 20:00:00.189,109531,AM1V420 @425DB9,32482,530632F87DFF,1619,-1998,-131
27/07/2024 20:00:00.249,109591,AM1V420 @425DB9,32488,D6FED701B503,-298,471,949
27/07/2024 20:00:00.278,109620,AM1V420 @425DB9,32495,75FFA2FF8601,-139,-94,390
27/07/2024 20:00:00.339,109681,AM1V420 @425DB9,32501,A2FB15FFA2FC,-1118,-235,-862
27/07/2024 20:00:00.398,109741,AM1V420 @425DB9,32507,7B0632F81002,1659,-1998,528
27/07/2024 20:00:00.428,109770,AM1V420 @425DB9,32513,32F832F8B105,-1998,-1998,1457
27/07/2024 20:00:00.488,109831,AM1V420 @425DB9,32520,55047607F304,1109,1910,1267
27/07/2024 20:00:00.549,109891,AM1V420 @425DB9,32526,EDFA2FFECBFE,-1299,-465,-309
27/07/2024 20:00:00.578,109920,AM1V420 @425DB9,32532,180257FC3E00,536,-937,62
27/07/2024 20:00:00.638,109980,AM1V420 @425DB9,32538,E50632F81602,1765,-1998,534
27/07/2024 20:00:00.699,110041,AM1V420 @425DB9,32545,CAFEECFA8004,-310,-1300,1152
27/07/2024 20:00:00.728,110069,AM1V420 @425DB9,32551,AFFB48FE9900,-1105,-440,153
27/07/2024 20:00:00.789,110131,AM1V420 @425DB9,32557,F8FEF70154FD,-264,503,-684
27/07/2024 20:00:00.849,110191,AM1V420 @425DB9,32563,2BFB32F8D600,-1237,-1998,214
27/07/2024 20:00:00.880,110222,AM1V420 @425DB9,32570,54FB32F8EEFB,-1196,-1998,-1042
27/07/2024 20:00:00.939,110281,AM1V420 @425DB9,32576,A80254076E03,680,1876,878
27/07/2024 20:00:00.999,110340,AM1V420 @425DB9,32582,5DFEA6FF3A01,-419,-90,314
27/07/2024 20:00:01.028,110370,AM1V420 @425DB9,32588,420361FD25FE,834,-671,-475
27/07/2024 20:00:01.119,110461,AM1V420 @425DB9,32595,DFFF32F8E003,-33,-1998,992
27/07/2024 20:00:01.149,110491,AM1V420 @425DB9,32601,340368FB9D00,820,-1176,157
27/07/2024 20:00:01.209,110551,AM1V420 @425DB9,32607,3DFD3C078705,-707,1852,1415
27/07/2024 20:00:01.239,110580,AM1V420 @425DB9,32613,F200E202E6FF,242,738,-26
27/07/2024 20:00:01.299,110640,AM1V420 @425DB9,32620,F3FA53F991FD,-1293,-1709,-623
27/07/2024 20:00:01.328,110670,AM1V420 @425DB9,32626,D6F932F805FE,-1578,-1998,-507
27/07/2024 20:00:01.389,110730,AM1V420 @425DB9,32632,C7017100CE07,455,113,1998
27/07/2024 20:00:01.449,110791,AM1V420 @425DB9,32638,1F0648FCD802,1567,-952,728
27/07/2024 20:00:01.480,110822,AM1V420 @425DB9,32645,6902C3FC49FE,617,-829,-439
27/07/2024 20:00:01.539,110881,AM1V420 @425DB9,32651,B00132F88503,432,-1998,901
27/07/2024 20:00:01.599,110941,AM1V420 @425DB9,32657,C800B7F91EFF,200,-1609,-226
27/07/2024 20:00:01.629,110970,AM1V420 @425DB9,32663,89FD46062E06,-631,1606,1582
27/07/2024 20:00:01.689,111031,AM1V420 @425DB9,32670,8F008BFA1500,143,-1397,21
27/07/2024 20:00:01.749,111091,AM1V420 @425DB9,32676,71FD7AFB81FE,-655,-1158,-383
27/07/2024 20:00:01.778,111120,AM1V420 @425DB9,32682,71FE32F80301,-399,-1998,259
27/07/2024 20:00:01.839,111181,AM1V420 @425DB9,32688,68FD52FFEB05,-664,-174,1515
27/07/2024 20:00:01.899,111241,AM1V420 @425DB9,32695,CD0740FD0401,1997,-704,260
27/07/2024 20:00:01.928,111270,AM1V420 @425DB9,32701,F1FC6F02C3FC,-783,623,-829
27/07/2024 20:00:01.989,111331,AM1V420 @425DB9,32707,BA02ACFA64FF,698,-1364,-156
27/07/2024 20:00:02.049,111391,AM1V420 @425DB9,32713,C60732F8C503,1990,-1998,965
27/07/2024 20:00:02.080,111422,AM1V420 @425DB9,32720,D2FB2503A907,-1070,805,1961
27/07/2024 20:00:02.139,111481,AM1V420 @425DB9,32726,D1FDA9F86000,-559,-1879,96
27/07/2024 20:00:02.198,111540,AM1V420 @425DB9,32732,07FEE0FCC1FC,-505,-800,-831
27/07/2024 20:00:02.228,111570,AM1V420 @425DB9,32738,D30032F899FF,211,-1998,-103
27/07/2024 20:00:02.289,111631,AM1V420 @425DB9,32745,BCF932F8A0FF,-1604,-1998,-96
27/07/2024 20:00:02.349,111691,AM1V420 @425DB9,32751,60030B052904,864,1291,1065
27/07/2024 20:00:02.378,111720,AM1V420 @425DB9,32757,FDFEBB02E3FF,-259,699,-29
27/07/2024 20:00:02.439,111780,AM1V420 @425DB9,32763,EB0167FB43FE,491,-1177,-445
27/07/2024 20:00:02.499,111841,AM1V420 @425DB9,32770,5D0432F8E602,1117,-1998,742
27/07/2024 20:00:02.530,111872,AM1V420 @425DB9,32776,0204DBFD5801,1026,-549,344
27/07/2024 20:00:02.589,111931,AM1V420 @425DB9,32782,48F95106FE02,-1720,1617,766
27/07/2024 20:00:02.649,111991,AM1V420 @425DB9,32788,4AFFAE03FFFB,-182,942,-1025
27/07/2024 20:00:02.678,112019,AM1V420 @425DB9,32795,38FCECF89202,-968,-1812,658
27/07/2024 20:00:02.739,112081,AM1V420 @425DB9,32801,B0FB32F8CDFD,-1104,-1998,-563
27/07/2024 20:00:02.799,112141,AM1V420 @425DB9,32807,1A0369063000,794,1641,48
27/07/2024 20:00:02.828,112170,AM1V420 @425DB9,32813,AD05C2F88C01,1453,-1854,396
27/07/2024 20:00:02.889,112231,AM1V420 @425DB9,32820,C6001DF9F9FF,198,-1763,-7
27/07/2024 20:00:02.980,112323,AM1V420 @425DB9,32826,F6018BF8BF03,502,-1909,959
27/07/2024 20:00:02.980,112323,AM1V420 @425DB9,32832,4500E2F8F0FE,69,-1822,-272
27/07/2024 20:00:03.038,112380,AM1V420 @425DB9,32838,17FAFD0564FF,-1513,1533,-156
27/07/2024 20:00:03.099,112440,AM1V420 @425DB9,32845,A1FF31FE9DFF,-95,-463,-99
27/07/2024 20:00:03.128,112470,AM1V420 @425DB9,32851,7CFEDDFBD4FC,-388,-1059,-812
27/07/2024 20:00:03.188,112530,AM1V420 @425DB9,32857,700150F89F01,368,-1968,415
27/07/2024 20:00:03.248,112590,AM1V420 @425DB9,32863,F7FE8CF98A05,-265,-1652,1418
27/07/2024 20:00:03.278,112620,AM1V420 @425DB9,32870,0004CD074805,1024,1997,1352
27/07/2024 20:00:03.338,112680,AM1V420 @425DB9,32876,EFFC1E04C501,-785,1054,453
27/07/2024 20:00:03.428,112771,AM1V420 @425DB9,32882,3B034BF811FF,827,-1973,-239
27/07/2024 20:00:03.431,112773,AM1V420 @425DB9,32888,CD0732F87DFF,1997,-1998,-131
27/07/2024 20:00:03.488,112830,AM1V420 @425DB9,32895,A6FDCAFE8E03,-602,-310,910
27/07/2024 20:00:03.548,112890,AM1V420 @425DB9,32901,36FB37FB58FE,-1226,-1225,-424
27/07/2024 20:00:03.608,112950,AM1V420 @425DB9,32907,9801C201DDFD,408,450,-547
27/07/2024 20:00:03.638,112980,AM1V420 @425DB9,32913,D3FF32F8AA00,-45,-1998,170
27/07/2024 20:00:03.698,113040,AM1V420 @425DB9,32920,4AF932F88CFB,-1718,-1998,-1140
27/07/2024 20:00:03.728,113070,AM1V420 @425DB9,32926,7CFE33029A05,-388,563,1434
27/07/2024 20:00:03.788,113130,AM1V420 @425DB9,32932,960238F89CFC,662,-1992,-868
27/07/2024 20:00:03.848,113191,AM1V420 @425DB9,32938,0900BEFDB1FE,9,-578,-335
27/07/2024 20:00:03.878,113220,AM1V420 @425DB9,32945,020532F82201,1282,-1998,290
27/07/2024 20:00:03.968,113310,AM1V420 @425DB9,32951,730447F8DDFE,1139,-1977,-291
27/07/2024 20:00:03.998,113340,AM1V420 @425DB9,32957,C2FC1E042204,-830,1054,1058
27/07/2024 20:00:04.031,113373,AM1V420 @425DB9,32963,4EFE19FD0502,-434,-743,517
27/07/2024 20:00:04.088,113430,AM1V420 @425DB9,32970,2BFD05FDB000,-725,-763,176
27/07/2024 20:00:04.148,113490,AM1V420 @425DB9,32976,3C0168F83500,316,-1944,53
27/07/2024 20:00:04.178,113520,AM1V420 @425DB9,32982,5FF932F898FB,-1697,-1998,-1128
27/07/2024 20:00:04.238,113580,AM1V420 @425DB9,32988,4501A706ED04,325,1703,1261
27/07/2024 20:00:04.298,113640,AM1V420 @425DB9,32995,1EFC3E011A02,-994,318,538
27/07/2024 20:00:04.328,113670,AM1V420 @425DB9,33001,120182F85FFF,274,-1918,-161
27/07/2024 20:00:04.479,113821,AM1V420 @425DB9,33007,BD0740F951FC,1981,-1728,-943
27/07/2024 20:00:04.480,113822,AM1V420 @425DB9,33013,42031DFB8201,834,-1251,386
27/07/2024 20:00:04.502,113844,AM1V420 @425DB9,33020,E2FA09073001,-1310,1801,304
27/07/2024 20:00:04.538,113880,AM1V420 @425DB9,33026,A8008D02DD00,168,653,221
27/07/2024 20:00:04.598,113940,AM1V420 @425DB9,33032,A1FCBBF88A02,-863,-1861,650
27/07/2024 20:00:04.628,113970,AM1V420 @425DB9,33038,A3F832F806FC,-1885,-1998,-1018
27/07/2024 20:00:04.688,114030,AM1V420 @425DB9,33045,FCFFB0023002,-4,688,560
27/07/2024 20:00:04.748,114090,AM1V420 @425DB9,33051,CD07DDFD6EFF,1997,-547,-146
27/07/2024 20:00:04.778,114120,AM1V420 @425DB9,33057,80FDB10097FE,-640,177,-361
27/07/2024 20:00:04.838,114180,AM1V420 @425DB9,33063,AE0471FA6003,1198,-1423,864
27/07/2024 20:00:04.898,114240,AM1V420 @425DB9,33070,900732F881FB,1936,-1998,-1151
27/07/2024 20:00:04.928,114270,AM1V420 @425DB9,33076,0FFB73017001,-1265,371,368
27/07/2024 20:00:04.988,114330,AM1V420 @425DB9,33082,410056FA5101,65,-1450,337
27/07/2024 20:00:05.048,114390,AM1V420 @425DB9,33088,C5FE630088FD,-315,99,-632
27/07/2024 20:00:05.078,114420,AM1V420 @425DB9,33095,7EFE66F8AC02,-386,-1946,684
27/07/2024 20:00:05.138,114480,AM1V420 @425DB9,33101,32FCE7F8EDFD,-974,-1817,-531
27/07/2024 20:00:05.198,114540,AM1V420 @425DB9,33107,78FE2A023E04,-392,554,1086
27/07/2024 20:00:05.228,114570,AM1V420 @425DB9,33113,9BFD69FCF200,-613,-919,242
27/07/2024 20:00:05.288,114630,AM1V420 @425DB9,33120,AB003DFB22FF,171,-1219,-222
27/07/2024 20:00:05.348,114690,AM1V420 @425DB9,33126,D1014BF84004,465,-1973,1088
27/07/2024 20:00:05.379,114721,AM1V420 @425DB9,33132,810187FB2CFE,385,-1145,-468
27/07/2024 20:00:05.438,114780,AM1V420 @425DB9,33138,D0FBCD073A03,-1072,1997,826
27/07/2024 20:00:05.498,114841,AM1V420 @425DB9,33145,6501DFFD81FE,357,-545,-383
27/07/2024 20:00:05.528,114870,AM1V420 @425DB9,33151,20FB1FF9E3FE,-1248,-1761,-285
27/07/2024 20:00:05.588,114930,AM1V420 @425DB9,33157,20FF48F9FF02,-224,-1720,767
27/07/2024 20:00:05.648,114990,AM1V420 @425DB9,33163,52FDA5FB4200,-686,-1115,66
27/07/2024 20:00:05.678,115020,AM1V420 @425DB9,33170,9E02AA04A700,670,1194,167
27/07/2024 20:00:05.738,115080,AM1V420 @425DB9,33176,52FD3102ACFF,-686,561,-84
27/07/2024 20:00:05.798,115141,AM1V420 @425DB9,33182,120127FB6C00,274,-1241,108
27/07/2024 20:00:05.828,115170,AM1V420 @425DB9,33188,B90432F8F401,1209,-1998,500
27/07/2024 20:00:05.888,115230,AM1V420 @425DB9,33195,DF0359FA5100,991,-1447,81
27/07/2024 20:00:05.949,115292,AM1V420 @425DB9,33201,C5FC64073103,-827,1892,817
27/07/2024 20:00:06.009,115351,AM1V420 @425DB9,33207,0503800024FE,773,128,-476
27/07/2024 20:00:06.039,115380,AM1V420 @425DB9,33213,B1FDCEFA47FF,-591,-1330,-185
27/07/2024 20:00:06.099,115441,AM1V420 @425DB9,33220,8AFA32F88200,-1398,-1998,130
27/07/2024 20:00:06.129,115471,AM1V420 @425DB9,33226,6DFD61FD83FE,-659,-671,-381
27/07/2024 20:00:06.189,115531,AM1V420 @425DB9,33232,A001A206B901,416,1698,441
27/07/2024 20:00:06.249,115591,AM1V420 @425DB9,33238,7CFBE7030EFF,-1156,999,-242
27/07/2024 20:00:06.278,115620,AM1V420 @425DB9,33245,3601C1F9AFFF,310,-1599,-81
27/07/2024 20:00:06.339,115681,AM1V420 @425DB9,33251,6F0532F82703,1391,-1998,807
27/07/2024 20:00:06.399,115741,AM1V420 @425DB9,33257,0001B2FBF2FF,256,-1102,-14
27/07/2024 20:00:06.429,115770,AM1V420 @425DB9,33263,17FD9E07BF03,-745,1950,959
27/07/2024 20:00:06.489,115831,AM1V420 @425DB9,33270,00FF68007001,-256,104,368
27/07/2024 20:00:06.549,115891,AM1V420 @425DB9,33276,5BFE32F84CFE,-421,-1998,-436
27/07/2024 20:00:06.578,115920,AM1V420 @425DB9,33282,22FD34F80701,-734,-1996,263
27/07/2024 20:00:06.639,115981,AM1V420 @425DB9,33288,3BFED8FC2001,-453,-808,288
27/07/2024 20:00:06.699,116041,AM1V420 @425DB9,33295,91012707EE00,401,1831,238
27/07/2024 20:00:06.729,116071,AM1V420 @425DB9,33301,31FDD5009B00,-719,213,155
27/07/2024 20:00:06.789,116131,AM1V420 @425DB9,33307,B90013F948FF,185,-1773,-184
27/07/2024 20:00:06.849,116191,AM1V420 @425DB9,33313,170532F83402,1303,-1998,564
27/07/2024 20:00:06.878,116220,AM1V420 @425DB9,33320,35031EFAA800,821,-1506,168
27/07/2024 20:00:06.939,116281,AM1V420 @425DB9,33326,8FFCDE069803,-881,1758,920
27/07/2024 20:00:07.019,116362,AM1V420 @425DB9,33332,29FE98FE2501,-471,-360,293
27/07/2024 20:00:07.051,116393,AM1V420 @425DB9,33338,E2FF22FDD9FE,-30,-734,-295
27/07/2024 20:00:07.090,116432,AM1V420 @425DB9,33345,5DFDB2F89E00,-675,-1870,158
27/07/2024 20:00:07.151,116493,AM1V420 @425DB9,33351,04FF32F859FA,-252,-1998,-1447
27/07/2024 20:00:07.181,116522,AM1V420 @425DB9,33357,50FFD7049D06,-176,1239,1693
27/07/2024 20:00:07.239,116581,AM1V420 @425DB9,33363,230213F92CFE,547,-1773,-468
27/07/2024 20:00:07.299,116641,AM1V420 @425DB9,33370,71FD4FFDC900,-655,-689,201
27/07/2024 20:00:07.329,116671,AM1V420 @425DB9,33376,C00332F88F01,960,-1998,399
27/07/2024 20:00:07.419,116761,AM1V420 @425DB9,33382,5804DEF90901,1112,-1570,265
27/07/2024 20:00:07.449,116790,AM1V420 @425DB9,33388,9CFD90037205,-612,912,1394
27/07/2024 20:00:07.480,116822,AM1V420 @425DB9,33395,C0FE32F87C01,-320,-1998,380
27/07/2024 20:00:07.539,116880,AM1V420 @425DB9,33401,FBFE1A002DFE,-261,26,-467
27/07/2024 20:00:07.599,116940,AM1V420 @425DB9,33407,170136F86E01,279,-1994,366
27/07/2024 20:00:07.628,116970,AM1V420 @425DB9,33413,9FFEDCF8A9FD,-353,-1828,-599
27/07/2024 20:00:07.689,117030,AM1V420 @425DB9,33420,CDFFF7026003,-51,759,864
27/07/2024 20:00:07.749,117091,AM1V420 @425DB9,33426,B500ACF90CFE,181,-1620,-500
27/07/2024 20:00:07.780,117121,AM1V420 @425DB9,33432,6501B8FD6DFE,357,-584,-403
27/07/2024 20:00:07.839,117181,AM1V420 @425DB9,33438,B40032F83403,180,-1998,820
27/07/2024 20:00:07.929,117271,AM1V420 @425DB9,33445,71064BF8A0FC,1649,-1973,-864
27/07/2024 20:00:07.954,117296,AM1V420 @425DB9,33451,C7FDE0045A03,-569,1248,858
27/07/2024 20:00:07.989,117331,AM1V420 @425DB9,33457,BEFE57FDA200,-322,-681,162
27/07/2024 20:00:08.079,117421,AM1V420 @425DB9,33463,0100D1FE68FD,1,-303,-664
27/07/2024 20:00:08.104,117446,AM1V420 @425DB9,33470,D0FD32F8C801,-560,-1998,456
27/07/2024 20:00:08.139,117481,AM1V420 @425DB9,33476,31FC32F832FA,-975,-1998,-1486
27/07/2024 20:00:08.199,117541,AM1V420 @425DB9,33482,81018005CE03,385,1408,974
27/07/2024 20:00:08.229,117571,AM1V420 @425DB9,33488,46FC51FAFBFE,-954,-1455,-261
27/07/2024 20:00:08.289,117631,AM1V420 @425DB9,33495,C4FF5CF964FF,-60,-1700,-156
27/07/2024 20:00:08.349,117691,AM1V420 @425DB9,33501,1B0132F89F03,283,-1998,927
27/07/2024 20:00:08.381,117723,AM1V420 @425DB9,33507,B10232FAE7FF,689,-1486,-25
27/07/2024 20:00:08.469,117811,AM1V420 @425DB9,33513,F3FDD904D803,-525,1241,984
27/07/2024 20:00:08.499,117841,AM1V420 @425DB9,33520,550180F8B0FF,341,-1920,-80
27/07/2024 20:00:08.528,117870,AM1V420 @425DB9,33526,65FDD9FB9AFE,-667,-1063,-358
27/07/2024 20:00:08.589,117931,AM1V420 @425DB9,33532,E200B2F89C01,226,-1870,412
27/07/2024 20:00:08.649,117991,AM1V420 @425DB9,33538,20FD32F86DFD,-736,-1998,-659
27/07/2024 20:00:08.678,118020,AM1V420 @425DB9,33545,C3FFA604CE07,-61,1190,1998
27/07/2024 20:00:08.739,118081,AM1V420 @425DB9,33551,040132F80BFC,260,-1998,-1013
27/07/2024 20:00:08.799,118141,AM1V420 @425DB9,33557,44FF13FCF4FF,-188,-1005,-12
27/07/2024 20:00:08.829,118170,AM1V420 @425DB9,33563,310032F8AA02,49,-1998,682
27/07/2024 20:00:08.889,118231,AM1V420 @425DB9,33570,27FE3BF842FD,-473,-1989,-702
27/07/2024 20:00:08.949,118291,AM1V420 @425DB9,33576,7EFD76029402,-642,630,660
27/07/2024 20:00:08.978,118320,AM1V420 @425DB9,33582,AEFD67F83902,-594,-1945,569
27/07/2024 20:00:09.039,118381,AM1V420 @425DB9,33588,F5FED702C5FE,-267,727,-315
27/07/2024 20:00:09.099,118441,AM1V420 @425DB9,33595,4CFD7CFB7E00,-692,-1156,126
27/07/2024 20:00:09.128,118470,AM1V420 @425DB9,33601,ACFF32F84601,-84,-1998,326
27/07/2024 20:00:09.189,118531,AM1V420 @425DB9,33607,82FF1BFE0D03,-126,-485,781
27/07/2024 20:00:09.249,118591,AM1V420 @425DB9,33613,0F06ABFF8104,1551,-85,1153
27/07/2024 20:00:09.278,118620,AM1V420 @425DB9,33620,0EFFF9030C01,-242,1017,268
27/07/2024 20:00:09.339,118680,AM1V420 @425DB9,33626,CF038FF91A01,975,-1649,282
27/07/2024 20:00:09.399,118741,AM1V420 @425DB9,33632,CD0732F8C7FC,1997,-1998,-825
27/07/2024 20:00:09.428,118770,AM1V420 @425DB9,33638,F4FE8AFEBE03,-268,-374,958
27/07/2024 20:00:09.489,118831,AM1V420 @425DB9,33645,EAF994FAF5FF,-1558,-1388,-11
27/07/2024 20:00:09.549,118891,AM1V420 @425DB9,33651,01018F04D0FE,257,1167,-304
27/07/2024 20:00:09.578,118920,AM1V420 @425DB9,33657,80FD32F86902,-640,-1998,617
27/07/2024 20:00:09.639,118981,AM1V420 @425DB9,33663,70FE32F8CDFD,-400,-1998,-563
27/07/2024 20:00:09.699,119041,AM1V420 @425DB9,33670,070074FEE904,7,-396,1257
27/07/2024 20:00:09.729,119070,AM1V420 @425DB9,33676,A1074302F4FF,1953,579,-12
27/07/2024 20:00:09.789,119131,AM1V420 @425DB9,33682,BFFC81044600,-833,1153,70
27/07/2024 20:00:09.849,119191,AM1V420 @425DB9,33688,110347F92AFF,785,-1721,-214
27/07/2024 20:00:09.878,119220,AM1V420 @425DB9,33695,AD0732F8B4FC,1965,-1998,-844
27/07/2024 20:00:09.939,119281,AM1V420 @425DB9,33701,E3FD21FEA800,-541,-479,168
27/07/2024 20:00:09.999,119341,AM1V420 @425DB9,33707,23FEBCF90F01,-477,-1604,271
27/07/2024 20:00:10.029,119371,AM1V420 @425DB9,33713,EA00DB042900,234,1243,41
27/07/2024 20:00:10.089,119431,AM1V420 @425DB9,33720,D1FBCCF8C001,-1071,-1844,448
27/07/2024 20:00:10.150,119492,AM1V420 @425DB9,33726,83F932F86200,-1661,-1998,98
27/07/2024 20:00:10.178,119520,AM1V420 @425DB9,33732,460083FD1C03,70,-637,796
27/07/2024 20:00:10.239,119581,AM1V420 @425DB9,33738,4C05DA01B403,1356,474,948
27/07/2024 20:00:10.299,119641,AM1V420 @425DB9,33745,A6FEC5030D00,-346,965,13
27/07/2024 20:00:10.328,119670,AM1V420 @425DB9,33751,9E0388F9E9FF,926,-1656,-23
27/07/2024 20:00:10.389,119731,AM1V420 @425DB9,33757,7E0332F83201,894,-1998,306
27/07/2024 20:00:10.451,119793,AM1V420 @425DB9,33763,EDFE5FFD8801,-275,-673,392
27/07/2024 20:00:10.480,119822,AM1V420 @425DB9,33770,37FE420643FF,-457,1602,-189
27/07/2024 20:00:10.539,119881,AM1V420 @425DB9,33776,D4FC75029802,-812,629,664
27/07/2024 20:00:10.599,119941,AM1V420 @425DB9,33782,D9FE47FAFCFF,-295,-1465,-4
27/07/2024 20:00:10.629,119971,AM1V420 @425DB9,33788,5E0291F8AA01,606,-1903,426
27/07/2024 20:00:10.689,120031,AM1V420 @425DB9,33795,A5FFE3FA3700,-91,-1309,55
27/07/2024 20:00:10.749,120092,AM1V420 @425DB9,33801,79001E067C04,121,1566,1148
27/07/2024 20:00:10.778,120120,AM1V420 @425DB9,33807,EC0056F955FE,236,-1706,-427
27/07/2024 20:00:10.839,120181,AM1V420 @425DB9,33813,B70043FCA700,183,-957,167
27/07/2024 20:00:10.899,120241,AM1V420 @425DB9,33820,100332F8CC02,784,-1998,716
27/07/2024 20:00:10.929,120271,AM1V420 @425DB9,33826,670532F801FE,1383,-1998,-511
27/07/2024 20:00:10.988,120330,AM1V420 @425DB9,33832,FCFCA3030704,-772,931,1031
27/07/2024 20:00:11.049,120391,AM1V420 @425DB9,33838,49FD32F849FE,-695,-1998,-439
27/07/2024 20:00:11.078,120420,AM1V420 @425DB9,33845,DEFF81034600,-34,897,70
27/07/2024 20:00:11.139,120481,AM1V420 @425DB9,33851,BEFB58F92E00,-1090,-1704,46
27/07/2024 20:00:11.199,120540,AM1V420 @425DB9,33857,A9FF32F83800,-87,-1998,56
27/07/2024 20:00:11.229,120570,AM1V420 @425DB9,33863,5BFFD1FB1D01,-165,-1071,285
27/07/2024 20:00:11.289,120631,AM1V420 @425DB9,33870,2E068D072DFC,1582,1933,-979
27/07/2024 20:00:11.349,120691,AM1V420 @425DB9,33876,97FEE7FF2600,-361,-25,38
27/07/2024 20:00:11.378,120720,AM1V420 @425DB9,33882,1E00FEFA81FF,30,-1282,-127
27/07/2024 20:00:11.439,120781,AM1V420 @425DB9,33888,AD0132F8F902,429,-1998,761
27/07/2024 20:00:11.499,120841,AM1V420 @425DB9,33895,33FD44F850FC,-717,-1980,-944
27/07/2024 20:00:11.529,120871,AM1V420 @425DB9,33901,7FFF780026FB,-129,120,-1242
27/07/2024 20:00:11.589,120931,AM1V420 @425DB9,33907,09FD65FD8300,-759,-667,131
27/07/2024 20:00:11.649,120991,AM1V420 @425DB9,33913,1DFFDD023302,-227,733,563
27/07/2024 20:00:11.678,121020,AM1V420 @425DB9,33920,18FF22FDC600,-232,-734,198
27/07/2024 20:00:11.739,121081,AM1V420 @425DB9,33926,ABFF32F8BB04,-85,-1998,1211
27/07/2024 20:00:11.799,121141,AM1V420 @425DB9,33932,BB0496F91AF9,1211,-1642,-1766
27/07/2024 20:00:11.829,121171,AM1V420 @425DB9,33938,7E001C01E5FE,126,284,-283
27/07/2024 20:00:11.889,121231,AM1V420 @425DB9,33945,BFFFED00F600,-65,237,246
27/07/2024 20:00:11.949,121291,AM1V420 @425DB9,33951,E8FFCAFFD801,-24,-54,472
27/07/2024 20:00:11.978,121320,AM1V420 @425DB9,33957,B2FF1FFF4F00,-78,-225,79
27/07/2024 20:00:12.039,121381,AM1V420 @425DB9,33963,ED0232F8FE03,749,-1998,1022
27/07/2024 20:00:12.099,121441,AM1V420 @425DB9,33970,7B0241F934F8,635,-1727,-1996
27/07/2024 20:00:12.128,121470,AM1V420 @425DB9,33976,30FEA0FCD1FF,-464,-864,-47
27/07/2024 20:00:12.189,121531,AM1V420 @425DB9,33982,D2FF400023FF,-46,64,-221
27/07/2024 20:00:12.251,121593,AM1V420 @425DB9,33988,AEFF73012801,-82,371,296
27/07/2024 20:00:12.281,121622,AM1V420 @425DB9,33995,1FFFB6FFD201,-225,-74,466
27/07/2024 20:00:12.339,121681,AM1V420 @425DB9,34001,2CFD43F92902,-724,-1725,553
27/07/2024 20:00:12.399,121741,AM1V420 @425DB9,34007,950333F833F8,917,-1997,-1997
27/07/2024 20:00:12.428,121770,AM1V420 @425DB9,34013,DB03A8FB4003,987,-1112,832
27/07/2024 20:00:12.491,121833,AM1V420 @425DB9,34020,9C00A3FF51FC,156,-93,-943
27/07/2024 20:00:12.519,121861,AM1V420 @425DB9,34026,2602CB006402,550,203,612
27/07/2024 20:00:12.579,121921,AM1V420 @425DB9,34032,67FE20004301,-409,32,323
27/07/2024 20:00:12.639,121981,AM1V420 @425DB9,34038,0B0332F88800,779,-1998,136
27/07/2024 20:00:12.668,122010,AM1V420 @425DB9,34045,0B017CF905FF,267,-1668,-251
27/07/2024 20:00:12.729,122071,AM1V420 @425DB9,34051,08FFD5FA6EFF,-248,-1323,-146
27/07/2024 20:00:12.789,122131,AM1V420 @425DB9,34057,FE0090FF8300,254,-112,131
27/07/2024 20:00:12.818,122160,AM1V420 @425DB9,34063,D8FF55005BFF,-40,85,-165
27/07/2024 20:00:12.879,122221,AM1V420 @425DB9,34070,61FE09009600,-415,9,150
27/07/2024 20:00:12.939,122281,AM1V420 @425DB9,34076,6EFFFAFD7601,-146,-518,374
27/07/2024 20:00:12.968,122310,AM1V420 @425DB9,34082,08FF32F8A900,-248,-1998,169
27/07/2024 20:00:13.029,122371,AM1V420 @425DB9,34088,98FFC8F8CCFD,-104,-1848,-564
27/07/2024 20:00:13.089,122432,AM1V420 @425DB9,34095,7B0039FA4C00,123,-1479,76
27/07/2024 20:00:13.119,122461,AM1V420 @425DB9,34101,A4FF15FC3400,-92,-1003,52
27/07/2024 20:00:13.179,122521,AM1V420 @425DB9,34107,CA001FFEE1FD,202,-481,-543
27/07/2024 20:00:13.239,122581,AM1V420 @425DB9,34113,3C00EEFE4500,60,-274,69
27/07/2024 20:00:13.271,122613,AM1V420 @425DB9,34120,AEFF29FFF1FF,-82,-215,-15
27/07/2024 20:00:13.329,122671,AM1V420 @425DB9,34126,B9FFCEFEAAFF,-71,-306,-86
27/07/2024 20:00:13.389,122731,AM1V420 @425DB9,34132,1E016BF89EFF,286,-1941,-98
27/07/2024 20:00:13.421,122762,AM1V420 @425DB9,34138,A2FFAEFA1600,-94,-1362,22
27/07/2024 20:00:13.479,122821,AM1V420 @425DB9,34145,08013FFA1200,264,-1473,18
27/07/2024 20:00:13.539,122881,AM1V420 @425DB9,34151,FB0026FC1700,251,-986,23
27/07/2024 20:00:13.570,122912,AM1V420 @425DB9,34157,99004BFD39FF,153,-693,-199
27/07/2024 20:00:13.629,122971,AM1V420 @425DB9,34163,1B00ACFD49FF,27,-596,-183
27/07/2024 20:00:13.689,123031,AM1V420 @425DB9,34170,52001FFDDAFF,82,-737,-38
27/07/2024 20:00:13.720,123062,AM1V420 @425DB9,34176,ABFF52FD75FF,-85,-686,-139
27/07/2024 20:00:13.779,123121,AM1V420 @425DB9,34182,E2FFEFFB69FF,-30,-1041,-151
27/07/2024 20:00:13.839,123181,AM1V420 @425DB9,34188,69FFF4FBC5FE,-151,-1036,-315
27/07/2024 20:00:13.870,123212,AM1V420 @425DB9,34195,E5FD02FA77FF,-539,-1534,-137
27/07/2024 20:00:13.929,123271,AM1V420 @425DB9,34201,1700BFFB48FF,23,-1089,-184
27/07/2024 20:00:13.989,123331,AM1V420 @425DB9,34207,46FF88FB9EFF,-186,-1144,-98
27/07/2024 20:00:14.020,123362,AM1V420 @425DB9,34213,FBFEDDFCD2FF,-261,-803,-46
27/07/2024 20:00:14.079,123421,AM1V420 @425DB9,34220,B3FF44FDC9FF,-77,-700,-55
27/07/2024 20:00:14.139,123481,AM1V420 @425DB9,34226,3DFF62FCDCFF,-195,-926,-36
27/07/2024 20:00:14.169,123511,AM1V420 @425DB9,34232,D7FE38FCC8FF,-297,-968,-56
27/07/2024 20:00:14.229,123571,AM1V420 @425DB9,34238,3FFFE9FB71FF,-193,-1047,-143
27/07/2024 20:00:14.289,123631,AM1V420 @425DB9,34245,83FFDFFB70FF,-125,-1057,-144
27/07/2024 20:00:14.320,123662,AM1V420 @425DB9,34251,15FF69FCA7FF,-235,-919,-89
27/07/2024 20:00:14.379,123721,AM1V420 @425DB9,34257,01FF35FC92FF,-255,-971,-110
27/07/2024 20:00:14.439,123781,AM1V420 @425DB9,34263,B8FF0EFB6FFF,-72,-1266,-145
27/07/2024 20:00:14.469,123811,AM1V420 @425DB9,34270,18008DFC22FF,24,-883,-222
27/07/2024 20:00:14.529,123871,AM1V420 @425DB9,34276,47FF88FC80FF,-185,-888,-128
27/07/2024 20:00:14.589,123931,AM1V420 @425DB9,34282,D0FF6BFCC8FF,-48,-917,-56
27/07/2024 20:00:14.621,123963,AM1V420 @425DB9,34288,EEFF30FC43FF,-18,-976,-189
27/07/2024 20:00:14.679,124021,AM1V420 @425DB9,34295,AAFFADFC26FF,-86,-851,-218
27/07/2024 20:00:14.739,124081,AM1V420 @425DB9,34301,170040FB7FFF,23,-1216,-129
27/07/2024 20:00:14.769,124111,AM1V420 @425DB9,34307,13002AFC72FF,19,-982,-142
27/07/2024 20:00:14.829,124171,AM1V420 @425DB9,34313,1C0014FC1FFF,28,-1004,-225
27/07/2024 20:00:14.889,124231,AM1V420 @425DB9,34320,3D0064FC40FF,61,-924,-192
27/07/2024 20:00:14.918,124260,AM1V420 @425DB9,34326,5E00C0FB3CFF,94,-1088,-196
27/07/2024 20:00:14.979,124321,AM1V420 @425DB9,34332,1E00EFFB2CFF,30,-1041,-212
27/07/2024 20:00:15.039,124381,AM1V420 @425DB9,34338,B6FFFAFB64FF,-74,-1030,-156
27/07/2024 20:00:15.068,124410,AM1V420 @425DB9,34345,2100B4FC41FF,33,-844,-191
27/07/2024 20:00:15.129,124471,AM1V420 @425DB9,34351,6B0020FC38FF,107,-992,-200
27/07/2024 20:00:15.189,124531,AM1V420 @425DB9,34357,3500FFFB63FF,53,-1025,-157
27/07/2024 20:00:15.218,124560,AM1V420 @425DB9,34363,14001CFCE4FE,20,-996,-284
27/07/2024 20:00:15.279,124621,AM1V420 @425DB9,34370,E8FF28FC43FF,-24,-984,-189
27/07/2024 20:00:15.339,124681,AM1V420 @425DB9,34376,390020FC38FF,57,-992,-200
27/07/2024 20:00:15.368,124710,AM1V420 @425DB9,34382,F6FF28FC13FF,-10,-984,-237
27/07/2024 20:00:15.429,124771,AM1V420 @425DB9,34388,DCFF36FC3BFF,-36,-970,-197
27/07/2024 20:00:15.489,124831,AM1V420 @425DB9,34395,050017FC17FF,5,-1001,-233
27/07/2024 20:00:15.518,124860,AM1V420 @425DB9,34401,FFFF27FC49FF,-1,-985,-183
27/07/2024 20:00:15.579,124921,AM1V420 @425DB9,34407,E6FF19FC2DFF,-26,-999,-211
27/07/2024 20:00:15.639,124981,AM1V420 @425DB9,34413,BFFF20FC45FF,-65,-992,-187
27/07/2024 20:00:15.668,125010,AM1V420 @425DB9,34420,D9FF17FC05FF,-39,-1001,-251
27/07/2024 20:00:15.729,125071,AM1V420 @425DB9,34426,CAFF2EFC28FF,-54,-978,-216
27/07/2024 20:00:15.811,125152,AM1V420 @425DB9,34432,CAFF2DFC14FF,-54,-979,-236
27/07/2024 20:00:15.818,125160,AM1V420 @425DB9,34438,F9FF22FC12FF,-7,-990,-238
27/07/2024 20:00:15.879,125221,AM1V420 @425DB9,34445,C9FF35FCEAFE,-55,-971,-278
27/07/2024 20:00:15.940,125282,AM1V420 @425DB9,34451,BFFF2FFC18FF,-65,-977,-232
27/07/2024 20:00:15.979,125322,AM1V420 @425DB9,34457,DBFF2EFC0EFF,-37,-978,-242
27/07/2024 20:00:16.030,125372,AM1V420 @425DB9,34463,CDFF2CFCF3FE,-51,-980,-269
27/07/2024 20:00:16.091,125433,AM1V420 @425DB9,34470,CAFF2BFC11FF,-54,-981,-239
27/07/2024 20:00:16.121,125463,AM1V420 @425DB9,34476,DEFF2DFC22FF,-34,-979,-222
27/07/2024 20:00:16.179,125521,AM1V420 @425DB9,34482,D7FF39FC2AFF,-41,-967,-214
27/07/2024 20:00:16.239,125581,AM1V420 @425DB9,34488,E7FF1DFC2DFF,-25,-995,-211
27/07/2024 20:00:16.268,125610,AM1V420 @425DB9,34495,F5FF20FC1DFF,-11,-992,-227
27/07/2024 20:00:16.329,125671,AM1V420 @425DB9,34501,00002DFC3FFF,0,-979,-193
27/07/2024 20:00:16.389,125731,AM1V420 @425DB9,34507,F8FF02FC16FF,-8,-1022,-234
27/07/2024 20:00:16.418,125760,AM1V420 @425DB9,34513,010028FC2DFF,1,-984,-211
27/07/2024 20:00:16.479,125821,AM1V420 @425DB9,34520,F2FF2AFC3EFF,-14,-982,-194
27/07/2024 20:00:16.539,125881,AM1V420 @425DB9,34526,010026FC3DFF,1,-986,-195
27/07/2024 20:00:16.569,125911,AM1V420 @425DB9,34532,DCFF1FFC4DFF,-36,-993,-179
27/07/2024 20:00:16.629,125971,AM1V420 @425DB9,34538,EDFF24FC49FF,-19,-988,-183
27/07/2024 20:00:16.689,126031,AM1V420 @425DB9,34545,F3FF1DFC37FF,-13,-995,-201
27/07/2024 20:00:16.718,126060,AM1V420 @425DB9,34551,DFFF24FC52FF,-33,-988,-174
27/07/2024 20:00:16.779,126121,AM1V420 @425DB9,34557,EDFF27FC3FFF,-19,-985,-193
27/07/2024 20:00:16.839,126181,AM1V420 @425DB9,34563,D0FF01FC4AFF,-48,-1023,-182
27/07/2024 20:00:16.868,126210,AM1V420 @425DB9,34570,E3FF18FC5CFF,-29,-1000,-164
27/07/2024 20:00:16.929,126271,AM1V420 @425DB9,34576,CCFF24FC6FFF,-52,-988,-145
27/07/2024 20:00:16.989,126331,AM1V420 @425DB9,34582,D0FF4CFC88FF,-48,-948,-120
27/07/2024 20:00:17.018,126360,AM1V420 @425DB9,34588,DEFF0EFC85FF,-34,-1010,-123
27/07/2024 20:00:17.079,126421,AM1V420 @425DB9,34595,CBFF0FFC49FF,-53,-1009,-183
27/07/2024 20:00:17.139,126481,AM1V420 @425DB9,34601,CBFF1AFC76FF,-53,-998,-138
27/07/2024 20:00:17.168,126510,AM1V420 @425DB9,34607,DBFF27FC70FF,-37,-985,-144
