Logged started on,02/08/2024 17:36:08
Feature,Accelerometer
Nodes,AM1V420 @425DB9

Date,HostTimestamp,NodeName,NodeTimestamp,RawData,X (mg),Y (mg),Z (mg)
02/08/2024 17:37:12.001,63077,AM1V420 @425DB9,8957,7DFF21FC69FF,-131,-991,-151
02/08/2024 17:37:12.030,63094,AM1V420 @425DB9,8963,7BFF21FC68FF,-133,-991,-152
02/08/2024 17:37:12.091,63155,AM1V420 @425DB9,8970,7FFF21FC67FF,-129,-991,-153
02/08/2024 17:37:12.151,63215,AM1V420 @425DB9,8976,7CFF23FC65FF,-132,-989,-155
02/08/2024 17:37:12.180,63244,AM1V420 @425DB9,8982,7CFF22FC62FF,-132,-990,-158
02/08/2024 17:37:12.240,63304,AM1V420 @425DB9,8988,7EFF1FFC60FF,-130,-993,-160
02/08/2024 17:37:12.301,63365,AM1V420 @425DB9,8995,79FF1BFC47FF,-135,-997,-185
02/08/2024 17:37:12.330,63394,AM1V420 @425DB9,9001,7CFF2BFC63FF,-132,-981,-157
02/08/2024 17:37:12.391,63455,AM1V420 @425DB9,9007,70FF2EFC63FF,-144,-978,-157
02/08/2024 17:37:12.451,63515,AM1V420 @425DB9,9013,6DFF2AFC45FF,-147,-982,-187
02/08/2024 17:37:12.482,63545,AM1V420 @425DB9,9020,73FF32FC50FF,-141,-974,-176
02/08/2024 17:37:12.541,63606,AM1V420 @425DB9,9026,70FF2CFC55FF,-144,-980,-171
02/08/2024 17:37:12.602,63666,AM1V420 @425DB9,9032,84FF40FC4AFF,-124,-960,-182
02/08/2024 17:37:12.631,63694,AM1V420 @425DB9,9038,AFFF48FC56FF,-81,-952,-170
02/08/2024 17:37:12.690,63754,AM1V420 @425DB9,9045,ACFFF3FB36FF,-84,-1037,-202
02/08/2024 17:37:12.750,63815,AM1V420 @425DB9,9051,A0FF4AFC34FF,-96,-950,-204
02/08/2024 17:37:12.781,63845,AM1V420 @425DB9,9057,84FFF8FB23FF,-124,-1032,-221
02/08/2024 17:37:12.841,63905,AM1V420 @425DB9,9063,D0FF4EFC29FF,-48,-946,-215
02/08/2024 17:37:12.901,63966,AM1V420 @425DB9,9070,B6FF5BFC24FF,-74,-933,-220
02/08/2024 17:37:12.930,63994,AM1V420 @425DB9,9076,C7FF36FC30FF,-57,-970,-208
02/08/2024 17:37:12.991,64055,AM1V420 @425DB9,9082,AFFF1FFC19FF,-81,-993,-231
02/08/2024 17:37:13.051,64115,AM1V420 @425DB9,9088,A6FF09FC00FF,-90,-1015,-256
02/08/2024 17:37:13.080,64144,AM1V420 @425DB9,9095,A7FF0FFCF2FE,-89,-1009,-270
02/08/2024 17:37:13.141,64205,AM1V420 @425DB9,9101,BBFF57FC44FF,-69,-937,-188
02/08/2024 17:37:13.201,64265,AM1V420 @425DB9,9107,32FFD2FAAEFF,-206,-1326,-82
02/08/2024 17:37:13.230,64294,AM1V420 @425DB9,9113,C1FF7FFBEEFF,-63,-1153,-18
02/08/2024 17:37:13.290,64355,AM1V420 @425DB9,9120,56FFEBFB90FF,-170,-1045,-112
02/08/2024 17:37:13.350,64414,AM1V420 @425DB9,9126,F3FE59FC4800,-269,-935,72
02/08/2024 17:37:13.381,64445,AM1V420 @425DB9,9132,09FF43FCEFFF,-247,-957,-17
02/08/2024 17:37:13.441,64505,AM1V420 @425DB9,9138,59FF65FCEBFF,-167,-923,-21
02/08/2024 17:37:13.501,64565,AM1V420 @425DB9,9145,6CFFB0FC96FF,-148,-848,-106
02/08/2024 17:37:13.530,64594,AM1V420 @425DB9,9151,6AFF5CFCACFF,-150,-932,-84
02/08/2024 17:37:13.591,64655,AM1V420 @425DB9,9157,38FF44FC73FF,-200,-956,-141
02/08/2024 17:37:13.651,64715,AM1V420 @425DB9,9163,25FF51FC89FF,-219,-943,-119
02/08/2024 17:37:13.681,64745,AM1V420 @425DB9,9170,3EFF5FFC7AFF,-194,-929,-134
02/08/2024 17:37:13.741,64805,AM1V420 @425DB9,9176,27FFE4FB59FF,-217,-1052,-167
02/08/2024 17:37:13.802,64866,AM1V420 @425DB9,9182,F1FEC3FB51FF,-271,-1085,-175
02/08/2024 17:37:13.830,64894,AM1V420 @425DB9,9188,7AFFE0FBB6FE,-134,-1056,-330
02/08/2024 17:37:13.891,64955,AM1V420 @425DB9,9195,95FFC1FB2BFE,-107,-1087,-469
02/08/2024 17:37:13.951,65015,AM1V420 @425DB9,9201,F6FF20FC0600,-10,-992,6
02/08/2024 17:37:13.981,65045,AM1V420 @425DB9,9207,1A00F6FB0400,26,-1034,4
02/08/2024 17:37:14.041,65104,AM1V420 @425DB9,9213,96FF35FC0900,-106,-971,9
02/08/2024 17:37:14.101,65165,AM1V420 @425DB9,9220,8AFF88FCAEFF,-118,-888,-82
02/08/2024 17:37:14.130,65194,AM1V420 @425DB9,9226,C8FFA0FCC6FF,-56,-864,-58
02/08/2024 17:37:14.191,65255,AM1V420 @425DB9,9232,D8FFA2FCA3FF,-40,-862,-93
02/08/2024 17:37:14.251,65315,AM1V420 @425DB9,9238,CDFFA0FC90FF,-51,-864,-112
02/08/2024 17:37:14.280,65344,AM1V420 @425DB9,9245,EDFF79FC8CFF,-19,-903,-116
02/08/2024 17:37:14.341,65405,AM1V420 @425DB9,9251,ADFFACFB99FF,-83,-1108,-103
02/08/2024 17:37:14.401,65465,AM1V420 @425DB9,9257,8AFF36FB21FF,-118,-1226,-223
02/08/2024 17:37:14.430,65494,AM1V420 @425DB9,9263,31FF74FAECFF,-207,-1420,-20
02/08/2024 17:37:14.491,65555,AM1V420 @425DB9,9270,4BFF5CFB2C00,-181,-1188,44
02/08/2024 17:37:14.551,65615,AM1V420 @425DB9,9276,A4FE7CFCE100,-348,-900,225
02/08/2024 17:37:14.580,65644,AM1V420 @425DB9,9282,41FFE8FB4A00,-191,-1048,74
02/08/2024 17:37:14.641,65705,AM1V420 @425DB9,9288,84FF73FCBCFF,-124,-909,-68
02/08/2024 17:37:14.702,65766,AM1V420 @425DB9,9295,54FF14FDC6FF,-172,-748,-58
02/08/2024 17:37:14.730,65794,AM1V420 @425DB9,9301,8CFFFEFC96FF,-116,-770,-106
02/08/2024 17:37:14.791,65855,AM1V420 @425DB9,9307,74FFBBFC70FF,-140,-837,-144
02/08/2024 17:37:14.850,65914,AM1V420 @425DB9,9313,7FFF70FC8FFF,-129,-912,-113
02/08/2024 17:37:14.881,65945,AM1V420 @425DB9,9320,2BFF5AFB3BFF,-213,-1190,-197
02/08/2024 17:37:14.941,66005,AM1V420 @425DB9,9326,14FF3FFBDEFE,-236,-1217,-290
02/08/2024 17:37:15.001,66066,AM1V420 @425DB9,9332,99FF58FAEA00,-103,-1448,234
02/08/2024 17:37:15.031,66095,AM1V420 @425DB9,9338,FCFF23FC3F00,-4,-989,63
02/08/2024 17:37:15.091,66156,AM1V420 @425DB9,9345,5C0057FB3E00,92,-1193,62
02/08/2024 17:37:15.151,66215,AM1V420 @425DB9,9351,A4FF17FC7900,-92,-1001,121
02/08/2024 17:37:15.181,66245,AM1V420 @425DB9,9357,98FFB9FC96FF,-104,-839,-106
02/08/2024 17:37:15.241,66305,AM1V420 @425DB9,9363,CCFF14FDB3FF,-52,-748,-77
02/08/2024 17:37:15.301,66365,AM1V420 @425DB9,9370,FBFFF8FC95FF,-5,-776,-107
02/08/2024 17:37:15.333,66397,AM1V420 @425DB9,9376,D6FFC0FC5AFF,-42,-832,-166
02/08/2024 17:37:15.391,66455,AM1V420 @425DB9,9382,CEFF80FC90FF,-50,-896,-112
02/08/2024 17:37:15.451,66515,AM1V420 @425DB9,9388,B5FF52FB1EFF,-75,-1198,-226
02/08/2024 17:37:15.481,66545,AM1V420 @425DB9,9395,91FF6CFBFEFE,-111,-1172,-258
02/08/2024 17:37:15.541,66605,AM1V420 @425DB9,9401,2DFFFAF8E4FF,-211,-1798,-28
02/08/2024 17:37:15.601,66665,AM1V420 @425DB9,9407,71FFE0FBC400,-143,-1056,196
02/08/2024 17:37:15.630,66694,AM1V420 @425DB9,9413,B0FE1FFCB900,-336,-993,185
02/08/2024 17:37:15.691,66755,AM1V420 @425DB9,9420,6AFFEBFB3100,-150,-1045,49
02/08/2024 17:37:15.751,66815,AM1V420 @425DB9,9426,7AFFDEFC91FF,-134,-802,-111
02/08/2024 17:37:15.781,66845,AM1V420 @425DB9,9432,76FF2BFDB2FF,-138,-725,-78
02/08/2024 17:37:15.841,66905,AM1V420 @425DB9,9438,5CFFC0FC97FF,-164,-832,-105
02/08/2024 17:37:15.901,66965,AM1V420 @425DB9,9445,68FF70FC62FF,-152,-912,-158
02/08/2024 17:37:15.930,66994,AM1V420 @425DB9,9451,5AFF6CFCA0FF,-166,-916,-96
02/08/2024 17:37:15.991,67055,AM1V420 @425DB9,9457,24FF58FB5AFF,-220,-1192,-166
02/08/2024 17:37:16.051,67115,AM1V420 @425DB9,9463,42FFE9FBCAFE,-190,-1047,-310
02/08/2024 17:37:16.081,67145,AM1V420 @425DB9,9470,F9FF01FBACFE,-7,-1279,-340
02/08/2024 17:37:16.141,67205,AM1V420 @425DB9,9476,250005FC4900,37,-1019,73
02/08/2024 17:37:16.201,67266,AM1V420 @425DB9,9482,2200E6FB2B00,34,-1050,43
02/08/2024 17:37:16.230,67294,AM1V420 @425DB9,9488,8BFF55FCD6FF,-117,-939,-42
02/08/2024 17:37:16.291,67356,AM1V420 @425DB9,9495,ACFFCDFCAFFF,-84,-819,-81
02/08/2024 17:37:16.352,67416,AM1V420 @425DB9,9501,EEFF03FD91FF,-18,-765,-111
02/08/2024 17:37:16.381,67445,AM1V420 @425DB9,9507,EFFFD3FC91FF,-17,-813,-111
02/08/2024 17:37:16.442,67506,AM1V420 @425DB9,9513,2800C8FC84FF,40,-824,-124
02/08/2024 17:37:16.501,67566,AM1V420 @425DB9,9520,D1FFEAFB88FF,-47,-1046,-120
02/08/2024 17:37:16.530,67594,AM1V420 @425DB9,9526,EFFF30FB5EFF,-17,-1232,-162
02/08/2024 17:37:16.591,67656,AM1V420 @425DB9,9532,B8FFDCFAB8FE,-72,-1316,-328
02/08/2024 17:37:16.651,67715,AM1V420 @425DB9,9538,A6FF52FB3AFF,-90,-1198,-198
02/08/2024 17:37:16.680,67744,AM1V420 @425DB9,9545,08FF5FFC9700,-248,-929,151
02/08/2024 17:37:16.741,67805,AM1V420 @425DB9,9551,60FFB6FB0300,-160,-1098,3
02/08/2024 17:37:16.801,67865,AM1V420 @425DB9,9557,BCFF66FCE8FF,-68,-922,-24
02/08/2024 17:37:16.830,67894,AM1V420 @425DB9,9563,44FFEFFCCCFF,-188,-785,-52
02/08/2024 17:37:16.891,67955,AM1V420 @425DB9,9570,7FFFC4FCD8FF,-129,-828,-40
02/08/2024 17:37:16.951,68015,AM1V420 @425DB9,9576,7AFF91FC8DFF,-134,-879,-115
02/08/2024 17:37:16.980,68044,AM1V420 @425DB9,9582,66FF85FCA5FF,-154,-891,-91
02/08/2024 17:37:17.041,68106,AM1V420 @425DB9,9588,45FFD7FB42FF,-187,-1065,-190
02/08/2024 17:37:17.103,68167,AM1V420 @425DB9,9595,5EFF2BFC2FFF,-162,-981,-209
02/08/2024 17:37:17.133,68197,AM1V420 @425DB9,9601,E8FF20FA2900,-24,-1504,41
02/08/2024 17:37:17.191,68255,AM1V420 @425DB9,9607,D5FFBAFB5A00,-43,-1094,90
02/08/2024 17:37:17.250,68314,AM1V420 @425DB9,9613,6A005BFB4F00,106,-1189,79
02/08/2024 17:37:17.281,68345,AM1V420 @425DB9,9620,B9FF17FC1700,-71,-1001,23
02/08/2024 17:37:17.342,68406,AM1V420 @425DB9,9626,8BFFBEFCF8FF,-117,-834,-8
02/08/2024 17:37:17.401,68464,AM1V420 @425DB9,9632,F5FFBFFCBFFF,-11,-833,-65
02/08/2024 17:37:17.431,68495,AM1V420 @425DB9,9638,E3FFB0FCC1FF,-29,-848,-63
02/08/2024 17:37:17.491,68555,AM1V420 @425DB9,9645,050093FC7EFF,5,-877,-130
02/08/2024 17:37:17.551,68615,AM1V420 @425DB9,9651,F0FF87FCE8FF,-16,-889,-24
02/08/2024 17:37:17.580,68644,AM1V420 @425DB9,9657,E2FFC9FBB6FF,-30,-1079,-74
02/08/2024 17:37:17.641,68705,AM1V420 @425DB9,9663,C7FFE2FBF4FE,-57,-1054,-268
02/08/2024 17:37:17.701,68765,AM1V420 @425DB9,9670,B6FEB6FA16FF,-330,-1354,-234
02/08/2024 17:37:17.733,68797,AM1V420 @425DB9,9676,11FF21FCB5FF,-239,-991,-75
02/08/2024 17:37:17.791,68855,AM1V420 @425DB9,9682,61FEFDFBB000,-415,-1027,176
02/08/2024 17:37:17.851,68915,AM1V420 @425DB9,9688,39FFF0FB3000,-199,-1040,48
02/08/2024 17:37:17.880,68944,AM1V420 @425DB9,9695,4EFF9BFC1200,-178,-869,18
02/08/2024 17:37:17.941,69005,AM1V420 @425DB9,9701,61FF8AFCEEFF,-159,-886,-18
02/08/2024 17:37:18.001,69065,AM1V420 @425DB9,9707,30FFA4FC2200,-208,-860,34
02/08/2024 17:37:18.030,69094,AM1V420 @425DB9,9713,5BFF79FCE7FF,-165,-903,-25
02/08/2024 17:37:18.091,69156,AM1V420 @425DB9,9720,FAFE17FCEFFF,-262,-1001,-17
02/08/2024 17:37:18.151,69215,AM1V420 @425DB9,9726,41FF97FCC2FF,-191,-873,-62
02/08/2024 17:37:18.181,69244,AM1V420 @425DB9,9732,A0FF7AFA7F00,-96,-1414,127
02/08/2024 17:37:18.241,69305,AM1V420 @425DB9,9738,F9FF62FB7200,-7,-1182,114
02/08/2024 17:37:18.301,69365,AM1V420 @425DB9,9745,E2FF77FB3700,-30,-1161,55
02/08/2024 17:37:18.330,69394,AM1V420 @425DB9,9751,C6FF8CFB1400,-58,-1140,20
02/08/2024 17:37:18.391,69455,AM1V420 @425DB9,9757,86FF57FCF0FF,-122,-937,-16
02/08/2024 17:37:18.451,69515,AM1V420 @425DB9,9763,EEFF81FCF1FF,-18,-895,-15
02/08/2024 17:37:18.481,69545,AM1V420 @425DB9,9770,D3FF5AFC4200,-45,-934,66
02/08/2024 17:37:18.541,69606,AM1V420 @425DB9,9776,0D001EFC4A00,13,-994,74
02/08/2024 17:37:18.601,69666,AM1V420 @425DB9,9782,C4FF05FCE1FF,-60,-1019,-31
02/08/2024 17:37:18.630,69694,AM1V420 @425DB9,9788,140019FC2100,20,-999,33
02/08/2024 17:37:18.691,69755,AM1V420 @425DB9,9795,70FF1EFC89FF,-144,-994,-119
02/08/2024 17:37:18.751,69815,AM1V420 @425DB9,9801,9AFF48FC1200,-102,-952,18
02/08/2024 17:37:18.780,69844,AM1V420 @425DB9,9807,B7FF00FC3500,-73,-1024,53
02/08/2024 17:37:18.841,69905,AM1V420 @425DB9,9813,A6FFFFFB0C00,-90,-1025,12
02/08/2024 17:37:18.901,69965,AM1V420 @425DB9,9820,83FF12FCF0FF,-125,-1006,-16
02/08/2024 17:37:18.931,69995,AM1V420 @425DB9,9826,9EFF16FCF3FF,-98,-1002,-13
02/08/2024 17:37:18.991,70055,AM1V420 @425DB9,9832,93FF21FC0C00,-109,-991,12
02/08/2024 17:37:19.051,70115,AM1V420 @425DB9,9838,A4FF20FCF9FF,-92,-992,-7
02/08/2024 17:37:19.082,70146,AM1V420 @425DB9,9845,E6FF4AFC1F00,-26,-950,31
02/08/2024 17:37:19.141,70205,AM1V420 @425DB9,9851,CAFFDDFB7800,-54,-1059,120
02/08/2024 17:37:19.201,70266,AM1V420 @425DB9,9857,94FFC6FB5000,-108,-1082,80
02/08/2024 17:37:19.231,70294,AM1V420 @425DB9,9863,ADFF1EFC6F00,-83,-994,111
02/08/2024 17:37:19.291,70355,AM1V420 @425DB9,9870,C0FF0CFC3C00,-64,-1012,60
02/08/2024 17:37:19.351,70415,AM1V420 @425DB9,9876,C0FF46FC5700,-64,-954,87
02/08/2024 17:37:19.381,70445,AM1V420 @425DB9,9882,EBFF12FC1600,-21,-1006,22
02/08/2024 17:37:19.441,70506,AM1V420 @425DB9,9888,D8FF0BFCF9FF,-40,-1013,-7
02/08/2024 17:37:19.504,70568,AM1V420 @425DB9,9895,CCFF54FC0E00,-52,-940,14
02/08/2024 17:37:19.535,70599,AM1V420 @425DB9,9901,BBFF88FB0700,-69,-1144,7
02/08/2024 17:37:19.590,70654,AM1V420 @425DB9,9907,DCFE59FB45FF,-292,-1191,-187
02/08/2024 17:37:19.651,70716,AM1V420 @425DB9,9913,75FF7DFC67FF,-139,-899,-153
02/08/2024 17:37:19.681,70745,AM1V420 @425DB9,9920,E4FE97FBB8FF,-284,-1129,-72
02/08/2024 17:37:19.741,70805,AM1V420 @425DB9,9926,E0FE77FBFBFF,-288,-1161,-5
02/08/2024 17:37:19.801,70865,AM1V420 @425DB9,9932,49FF0FFCFBFF,-183,-1009,-5
02/08/2024 17:37:19.830,70894,AM1V420 @425DB9,9938,55FF35FCD5FF,-171,-971,-43
02/08/2024 17:37:19.891,70955,AM1V420 @425DB9,9945,76FF81FCF9FF,-138,-895,-7
02/08/2024 17:37:19.951,71016,AM1V420 @425DB9,9951,3EFF79FCFFFF,-194,-903,-1
02/08/2024 17:37:19.981,71045,AM1V420 @425DB9,9957,61FF6AFCE4FF,-159,-918,-28
02/08/2024 17:37:20.041,71105,AM1V420 @425DB9,9963,4DFF89FC3100,-179,-887,49
02/08/2024 17:37:20.101,71165,AM1V420 @425DB9,9970,50FF59FC2D00,-176,-935,45
02/08/2024 17:37:20.130,71194,AM1V420 @425DB9,9976,5EFF30FCE9FF,-162,-976,-23
02/08/2024 17:37:20.192,71256,AM1V420 @425DB9,9982,8AFFF3FAE5FF,-118,-1293,-27
02/08/2024 17:37:20.252,71316,AM1V420 @425DB9,9988,1A00A2FB63FF,26,-1118,-157
02/08/2024 17:37:20.281,71344,AM1V420 @425DB9,9995,D5FFDDFBF7FF,-43,-1059,-9
02/08/2024 17:37:20.341,71405,AM1V420 @425DB9,10001,6600B0FB99FF,102,-1104,-103
02/08/2024 17:37:20.401,71466,AM1V420 @425DB9,10007,90FF72FC1300,-112,-910,19
02/08/2024 17:37:20.431,71494,AM1V420 @425DB9,10013,0C00EFFB1500,12,-1041,21
02/08/2024 17:37:20.491,71555,AM1V420 @425DB9,10020,100041FC0700,16,-959,7
02/08/2024 17:37:20.551,71615,AM1V420 @425DB9,10026,FDFF42FCF7FF,-3,-958,-9
02/08/2024 17:37:20.582,71646,AM1V420 @425DB9,10032,F5FF75FCFCFF,-11,-907,-4
02/08/2024 17:37:20.641,71705,AM1V420 @425DB9,10038,F6FF94FC0C00,-10,-876,12
02/08/2024 17:37:20.701,71765,AM1V420 @425DB9,10045,2900A1FC6EFF,41,-863,-146
02/08/2024 17:37:20.732,71795,AM1V420 @425DB9,10051,FDFEE2FA7BFF,-259,-1310,-133
02/08/2024 17:37:20.791,71855,AM1V420 @425DB9,10057,56FF9DFBA8FF,-170,-1123,-88
02/08/2024 17:37:20.851,71915,AM1V420 @425DB9,10063,39FFC1FBB6FF,-199,-1087,-74
02/08/2024 17:37:20.882,71946,AM1V420 @425DB9,10070,F5FE01FC96FF,-267,-1023,-106
02/08/2024 17:37:20.941,72005,AM1V420 @425DB9,10076,66FF53FC85FF,-154,-941,-123
02/08/2024 17:37:21.001,72066,AM1V420 @425DB9,10082,68FF74FCCAFF,-152,-908,-54
02/08/2024 17:37:21.032,72096,AM1V420 @425DB9,10088,56FF6AFCE3FF,-170,-918,-29
02/08/2024 17:37:21.091,72154,AM1V420 @425DB9,10095,31FF67FCFDFF,-207,-921,-3
02/08/2024 17:37:21.151,72215,AM1V420 @425DB9,10101,4BFF54FC0A00,-181,-940,10
02/08/2024 17:37:21.182,72245,AM1V420 @425DB9,10107,18FF2BFCC9FF,-232,-981,-55
02/08/2024 17:37:21.241,72305,AM1V420 @425DB9,10113,34FF60FCC2FF,-204,-928,-62
02/08/2024 17:37:21.301,72365,AM1V420 @425DB9,10120,010006FB1BFF,1,-1274,-229
02/08/2024 17:37:21.330,72394,AM1V420 @425DB9,10126,BEFF87FC85FF,-66,-889,-123
02/08/2024 17:37:21.391,72455,AM1V420 @425DB9,10132,8A002CFB23FF,138,-1236,-221
02/08/2024 17:37:21.451,72515,AM1V420 @425DB9,10138,9DFFBCFB0000,-99,-1092,0
02/08/2024 17:37:21.481,72545,AM1V420 @425DB9,10145,D3FFCEFCFEFF,-45,-818,-2
02/08/2024 17:37:21.541,72604,AM1V420 @425DB9,10151,1A0071FCFAFF,26,-911,-6
02/08/2024 17:37:21.602,72666,AM1V420 @425DB9,10157,06002CFC3C00,6,-980,60
02/08/2024 17:37:21.631,72695,AM1V420 @425DB9,10163,E9FF1BFCE4FF,-23,-997,-28
02/08/2024 17:37:21.691,72755,AM1V420 @425DB9,10170,1700ECFBA4FF,23,-1044,-92
02/08/2024 17:37:21.751,72815,AM1V420 @425DB9,10176,FDFFC5FCE9FF,-3,-827,-23
02/08/2024 17:37:21.782,72845,AM1V420 @425DB9,10182,E2FF0EFCAEFF,-30,-1010,-82
02/08/2024 17:37:21.842,72906,AM1V420 @425DB9,10188,EFFDFFFA8EFF,-529,-1281,-114
02/08/2024 17:37:21.901,72966,AM1V420 @425DB9,10195,E7FF67FC1D00,-25,-921,29
02/08/2024 17:37:21.930,72994,AM1V420 @425DB9,10201,11FF62FB91FF,-239,-1182,-111
02/08/2024 17:37:21.991,73055,AM1V420 @425DB9,10207,66FF05FCE4FF,-154,-1019,-28
02/08/2024 17:37:22.051,73116,AM1V420 @425DB9,10213,0EFF1CFC0900,-242,-996,9
02/08/2024 17:37:22.080,73144,AM1V420 @425DB9,10220,81FF8EFCE6FF,-127,-882,-26
02/08/2024 17:37:22.141,73205,AM1V420 @425DB9,10226,64FF76FC2300,-156,-906,35
02/08/2024 17:37:22.201,73266,AM1V420 @425DB9,10232,5FFF4FFCE2FF,-161,-945,-30
02/08/2024 17:37:22.231,73295,AM1V420 @425DB9,10238,55FF60FCFFFF,-171,-928,-1
02/08/2024 17:37:22.292,73356,AM1V420 @425DB9,10245,F4FE31FCEEFF,-268,-975,-18
02/08/2024 17:37:22.351,73415,AM1V420 @425DB9,10251,54FFBDFBF5FF,-172,-1091,-11
02/08/2024 17:37:22.381,73444,AM1V420 @425DB9,10257,F6FF86FB1CFF,-10,-1146,-228
02/08/2024 17:37:22.441,73505,AM1V420 @425DB9,10263,8DFFE7FBB5FF,-115,-1049,-75
02/08/2024 17:37:22.501,73566,AM1V420 @425DB9,10270,0D00BBFB67FF,13,-1093,-153
02/08/2024 17:37:22.530,73594,AM1V420 @425DB9,10276,96FFCCFC0800,-106,-820,8
02/08/2024 17:37:22.591,73655,AM1V420 @425DB9,10282,06009EFBFEFF,6,-1122,-2
02/08/2024 17:37:22.651,73716,AM1V420 @425DB9,10288,C1FF18FC2A00,-63,-1000,42
02/08/2024 17:37:22.681,73744,AM1V420 @425DB9,10295,BCFF3EFC1E00,-68,-962,30
02/08/2024 17:37:22.742,73806,AM1V420 @425DB9,10301,AFFF71FC1600,-81,-911,22
02/08/2024 17:37:22.801,73865,AM1V420 @425DB9,10307,BBFF63FC1D00,-69,-925,29
02/08/2024 17:37:22.831,73895,AM1V420 @425DB9,10313,DCFF50FCCEFF,-36,-944,-50
02/08/2024 17:37:22.891,73956,AM1V420 @425DB9,10320,4F0006FC1800,79,-1018,24
02/08/2024 17:37:22.951,74015,AM1V420 @425DB9,10326,3BFE33FB48FF,-453,-1229,-184
02/08/2024 17:37:22.981,74044,AM1V420 @425DB9,10332,AAFF5FFC0A00,-86,-929,10
02/08/2024 17:37:23.041,74106,AM1V420 @425DB9,10338,B7FE66FBD4FF,-329,-1178,-44
02/08/2024 17:37:23.101,74165,AM1V420 @425DB9,10345,86FF0BFC8500,-122,-1013,133
02/08/2024 17:37:23.131,74195,AM1V420 @425DB9,10351,5FFF88FC0000,-161,-888,0
02/08/2024 17:37:23.192,74256,AM1V420 @425DB9,10357,85FF5FFC2700,-123,-929,39
02/08/2024 17:37:23.252,74316,AM1V420 @425DB9,10363,7CFF57FC1400,-132,-937,20
02/08/2024 17:37:23.281,74344,AM1V420 @425DB9,10370,83FF61FC2200,-125,-927,34
02/08/2024 17:37:23.341,74405,AM1V420 @425DB9,10376,30FFF8FB1900,-208,-1032,25
02/08/2024 17:37:23.401,74465,AM1V420 @425DB9,10382,21FF1AFCFCFF,-223,-998,-4
02/08/2024 17:37:23.433,74497,AM1V420 @425DB9,10388,7CFFB4FB1C00,-132,-1100,28
02/08/2024 17:37:23.491,74555,AM1V420 @425DB9,10395,7A0002FCF4FE,122,-1022,-268
02/08/2024 17:37:23.551,74616,AM1V420 @425DB9,10401,39FF76FBFCFF,-199,-1162,-4
02/08/2024 17:37:23.581,74644,AM1V420 @425DB9,10407,08003FFBC9FF,8,-1217,-55
02/08/2024 17:37:23.641,74705,AM1V420 @425DB9,10413,A6FF20FCCBFF,-90,-992,-53
02/08/2024 17:37:23.701,74765,AM1V420 @425DB9,10420,0B008FFC0600,11,-881,6
02/08/2024 17:37:23.732,74796,AM1V420 @425DB9,10426,BAFF20FC3200,-70,-992,50
02/08/2024 17:37:23.791,74856,AM1V420 @425DB9,10432,E7FF43FCF6FF,-25,-957,-10
02/08/2024 17:37:23.851,74915,AM1V420 @425DB9,10438,CFFF68FC1E00,-49,-920,30
02/08/2024 17:37:23.881,74944,AM1V420 @425DB9,10445,C1FF54FC1400,-63,-940,20
02/08/2024 17:37:23.941,75005,AM1V420 @425DB9,10451,CEFF92FC3900,-50,-878,57
02/08/2024 17:37:24.031,75095,AM1V420 @425DB9,10457,FCFF7AFCDBFF,-4,-902,-37
02/08/2024 17:37:24.034,75098,AM1V420 @425DB9,10463,7EFFD5FAFCFF,-130,-1323,-4
02/08/2024 17:37:24.091,75155,AM1V420 @425DB9,10470,72FF9EFB4CFF,-142,-1122,-180
02/08/2024 17:37:24.151,75215,AM1V420 @425DB9,10476,67FFBCFB98FF,-153,-1092,-104
02/08/2024 17:37:24.181,75244,AM1V420 @425DB9,10482,11FFA8FBD8FF,-239,-1112,-40
02/08/2024 17:37:24.241,75305,AM1V420 @425DB9,10488,91FF3FFCA4FF,-111,-961,-92
02/08/2024 17:37:24.302,75366,AM1V420 @425DB9,10495,53FF92FB0300,-173,-1134,3
02/08/2024 17:37:24.331,75394,AM1V420 @425DB9,10501,77FFA0FCF4FF,-137,-864,-12
02/08/2024 17:37:24.391,75455,AM1V420 @425DB9,10507,2DFFABFC1D00,-211,-853,29
02/08/2024 17:37:24.451,75515,AM1V420 @425DB9,10513,24FF27FCEFFF,-220,-985,-17
02/08/2024 17:37:24.481,75545,AM1V420 @425DB9,10520,2EFF4FFC0000,-210,-945,0
02/08/2024 17:37:24.542,75606,AM1V420 @425DB9,10526,57FF58FCEEFF,-169,-936,-18
02/08/2024 17:37:24.602,75666,AM1V420 @425DB9,10532,A9FF35FB2900,-87,-1227,41
02/08/2024 17:37:24.631,75694,AM1V420 @425DB9,10538,F1FF3AFCBDFF,-15,-966,-67
02/08/2024 17:37:24.692,75756,AM1V420 @425DB9,10545,8BFFF8FB0900,-117,-1032,9
02/08/2024 17:37:24.752,75816,AM1V420 @425DB9,10551,1C00B5F9BD00,28,-1611,189
02/08/2024 17:37:24.781,75844,AM1V420 @425DB9,10557,630024FCD7FF,99,-988,-41
02/08/2024 17:37:24.842,75906,AM1V420 @425DB9,10563,C0FFD6FCF8FF,-64,-810,-8
02/08/2024 17:37:24.902,75966,AM1V420 @425DB9,10570,EDFF31FCF2FF,-19,-975,-14
02/08/2024 17:37:24.931,75994,AM1V420 @425DB9,10576,B3FFD8FB1100,-77,-1064,17
02/08/2024 17:37:24.992,76056,AM1V420 @425DB9,10582,93FF59FCECFF,-109,-935,-20
02/08/2024 17:37:25.052,76116,AM1V420 @425DB9,10588,E1FF9EFCE5FF,-31,-866,-27
02/08/2024 17:37:25.081,76144,AM1V420 @425DB9,10595,0500B2FC1500,5,-846,21
02/08/2024 17:37:25.142,76206,AM1V420 @425DB9,10601,BFFEFCFA32FF,-321,-1284,-206
02/08/2024 17:37:25.201,76265,AM1V420 @425DB9,10607,37FF0CFC6FFF,-201,-1012,-145
02/08/2024 17:37:25.231,76295,AM1V420 @425DB9,10613,67FF83FB6CFF,-153,-1149,-148
02/08/2024 17:37:25.292,76356,AM1V420 @425DB9,10620,FDFE7BFAF0FF,-259,-1413,-16
02/08/2024 17:37:25.352,76416,AM1V420 @425DB9,10626,1A000DFD0F00,26,-755,15
02/08/2024 17:37:25.381,76444,AM1V420 @425DB9,10632,19FF1CFCC5FF,-231,-996,-59
02/08/2024 17:37:25.441,76504,AM1V420 @425DB9,10638,7EFF17FC3C00,-130,-1001,60
02/08/2024 17:37:25.501,76566,AM1V420 @425DB9,10645,85FF73FCF1FF,-123,-909,-15
02/08/2024 17:37:25.531,76594,AM1V420 @425DB9,10651,4DFF0BFCDBFF,-179,-1013,-37
02/08/2024 17:37:25.591,76655,AM1V420 @425DB9,10657,5CFF51FC1800,-164,-943,24
02/08/2024 17:37:25.651,76715,AM1V420 @425DB9,10663,67FF7EFC5700,-153,-898,87
02/08/2024 17:37:25.681,76744,AM1V420 @425DB9,10670,50FF63FC3F00,-176,-925,63
02/08/2024 17:37:25.741,76806,AM1V420 @425DB9,10676,EDFFC2FB93FF,-19,-1086,-109
02/08/2024 17:37:25.802,76866,AM1V420 @425DB9,10682,AEFF27FC0B00,-82,-985,11
02/08/2024 17:37:25.831,76894,AM1V420 @425DB9,10688,2800AEFA2D00,40,-1362,45
02/08/2024 17:37:25.892,76956,AM1V420 @425DB9,10695,CAFF3EFC7500,-54,-962,117
02/08/2024 17:37:25.951,77016,AM1V420 @425DB9,10701,22001DFCFBFF,34,-995,-5
02/08/2024 17:37:25.981,77044,AM1V420 @425DB9,10707,F7FF12FC1100,-9,-1006,17
02/08/2024 17:37:26.041,77105,AM1V420 @425DB9,10713,EFFF20FC0000,-17,-992,0
02/08/2024 17:37:26.101,77165,AM1V420 @425DB9,10720,F2FF3BFC6100,-14,-965,97
02/08/2024 17:37:26.131,77195,AM1V420 @425DB9,10726,E4FFF1FB2C00,-28,-1039,44
02/08/2024 17:37:26.192,77256,AM1V420 @425DB9,10732,D7FF29FC5200,-41,-983,82
02/08/2024 17:37:26.251,77316,AM1V420 @425DB9,10738,EFFF3AFC5D00,-17,-966,93
02/08/2024 17:37:26.281,77344,AM1V420 @425DB9,10745,E1FF29FC5300,-31,-983,83
02/08/2024 17:37:26.342,77406,AM1V420 @425DB9,10751,AEFFE5FB5500,-82,-1051,85
02/08/2024 17:37:26.401,77465,AM1V420 @425DB9,10757,D0FFECFB5A00,-48,-1044,90
02/08/2024 17:37:26.431,77495,AM1V420 @425DB9,10763,CBFFF4FB2F00,-53,-1036,47
02/08/2024 17:37:26.492,77556,AM1V420 @425DB9,10770,7AFF13FCBCFF,-134,-1005,-68
02/08/2024 17:37:26.552,77616,AM1V420 @425DB9,10776,35FFC0FBECFF,-203,-1088,-20
02/08/2024 17:37:26.581,77645,AM1V420 @425DB9,10782,6DFFC9FB88FF,-147,-1079,-120
02/08/2024 17:37:26.642,77706,AM1V420 @425DB9,10788,9EFF5AFC80FF,-98,-934,-128
02/08/2024 17:37:26.701,77765,AM1V420 @425DB9,10795,65FF19FCC9FF,-155,-999,-55
02/08/2024 17:37:26.731,77794,AM1V420 @425DB9,10801,7BFF5AFC82FF,-133,-934,-126
02/08/2024 17:37:26.792,77856,AM1V420 @425DB9,10807,73FFAAFBD2FF,-141,-1110,-46
02/08/2024 17:37:26.852,77916,AM1V420 @425DB9,10813,7FFF3EFC0700,-129,-962,7
02/08/2024 17:37:26.881,77944,AM1V420 @425DB9,10820,B2FFAAFCE8FF,-78,-854,-24
02/08/2024 17:37:26.942,78006,AM1V420 @425DB9,10826,A8FF95FBFAFF,-88,-1131,-6
02/08/2024 17:37:27.002,78066,AM1V420 @425DB9,10832,E6FF1EFC47FF,-26,-994,-185
02/08/2024 17:37:27.031,78094,AM1V420 @425DB9,10838,AFFF39FCC4FF,-81,-967,-60
02/08/2024 17:37:27.092,78156,AM1V420 @425DB9,10845,C3FFE9FBB6FF,-61,-1047,-74
02/08/2024 17:37:27.151,78216,AM1V420 @425DB9,10851,AFFF18FCB3FF,-81,-1000,-77
02/08/2024 17:37:27.181,78245,AM1V420 @425DB9,10857,A1FF27FCB2FF,-95,-985,-78
02/08/2024 17:37:27.242,78306,AM1V420 @425DB9,10863,93FF07FC9CFF,-109,-1017,-100
02/08/2024 17:37:27.302,78366,AM1V420 @425DB9,10870,9DFF1CFCA8FF,-99,-996,-88
02/08/2024 17:37:27.332,78396,AM1V420 @425DB9,10876,95FF11FC96FF,-107,-1007,-106
02/08/2024 17:37:27.392,78456,AM1V420 @425DB9,10882,A9FF18FC97FF,-87,-1000,-105
02/08/2024 17:37:27.451,78515,AM1V420 @425DB9,10888,72FF17FCB6FF,-142,-1001,-74
02/08/2024 17:37:27.481,78544,AM1V420 @425DB9,10895,9BFF1AFCA0FF,-101,-998,-96
02/08/2024 17:37:27.542,78606,AM1V420 @425DB9,10901,90FF1CFC99FF,-112,-996,-103
02/08/2024 17:37:27.601,78665,AM1V420 @425DB9,10907,91FF1EFC99FF,-111,-994,-103
02/08/2024 17:37:27.631,78694,AM1V420 @425DB9,10913,8EFF11FC80FF,-114,-1007,-128
02/08/2024 17:37:27.692,78756,AM1V420 @425DB9,10920,9AFF20FC85FF,-102,-992,-123
02/08/2024 17:37:27.752,78816,AM1V420 @425DB9,10926,8FFF1CFC85FF,-113,-996,-123
02/08/2024 17:37:27.781,78844,AM1V420 @425DB9,10932,8FFF15FC7DFF,-113,-1003,-131
02/08/2024 17:37:27.841,78905,AM1V420 @425DB9,10938,96FF1EFC88FF,-106,-994,-120
02/08/2024 17:37:27.902,78966,AM1V420 @425DB9,10945,8DFF14FC89FF,-115,-1004,-119
02/08/2024 17:37:27.931,78994,AM1V420 @425DB9,10951,87FF1AFC82FF,-121,-998,-126
02/08/2024 17:37:27.992,79056,AM1V420 @425DB9,10957,90FF16FC83FF,-112,-1002,-125
02/08/2024 17:37:28.051,79115,AM1V420 @425DB9,10963,8FFF18FC88FF,-113,-1000,-120
02/08/2024 17:37:28.081,79145,AM1V420 @425DB9,10970,8EFF16FC91FF,-114,-1002,-111
02/08/2024 17:37:28.142,79206,AM1V420 @425DB9,10976,92FF15FC96FF,-110,-1003,-106
02/08/2024 17:37:28.202,79266,AM1V420 @425DB9,10982,8DFF17FC96FF,-115,-1001,-106
02/08/2024 17:37:28.237,79301,AM1V420 @425DB9,10988,94FF1CFC96FF,-108,-996,-106
02/08/2024 17:37:28.291,79355,AM1V420 @425DB9,10995,8DFF16FC98FF,-115,-1002,-104
02/08/2024 17:37:28.352,79415,AM1V420 @425DB9,11001,94FF16FCA0FF,-108,-1002,-96
02/08/2024 17:37:28.381,79444,AM1V420 @425DB9,11007,8AFF17FC8DFF,-118,-1001,-115
02/08/2024 17:37:28.442,79505,AM1V420 @425DB9,11013,98FF18FC94FF,-104,-1000,-108
02/08/2024 17:37:28.502,79565,AM1V420 @425DB9,11020,8EFF18FC96FF,-114,-1000,-106
02/08/2024 17:37:28.531,79594,AM1V420 @425DB9,11026,80FF13FC8EFF,-128,-1005,-114
02/08/2024 17:37:28.592,79655,AM1V420 @425DB9,11032,8CFF1FFCA5FF,-116,-993,-91
02/08/2024 17:37:28.651,79715,AM1V420 @425DB9,11038,93FF1AFCA2FF,-109,-998,-94
02/08/2024 17:37:28.682,79745,AM1V420 @425DB9,11045,88FF16FC97FF,-120,-1002,-105
02/08/2024 17:37:28.742,79805,AM1V420 @425DB9,11051,8AFF17FC95FF,-118,-1001,-107
02/08/2024 17:37:28.802,79865,AM1V420 @425DB9,11057,90FF15FC98FF,-112,-1003,-104
02/08/2024 17:37:28.831,79894,AM1V420 @425DB9,11063,8EFF17FC9DFF,-114,-1001,-99
02/08/2024 17:37:28.892,79955,AM1V420 @425DB9,11070,8DFF16FC9EFF,-115,-1002,-98
02/08/2024 17:37:28.952,80016,AM1V420 @425DB9,11076,91FF16FC9CFF,-111,-1002,-100
02/08/2024 17:37:28.981,80046,AM1V420 @425DB9,11082,8AFF16FC9CFF,-118,-1002,-100
02/08/2024 17:37:29.041,80105,AM1V420 @425DB9,11088,8CFF16FC9CFF,-116,-1002,-100
02/08/2024 17:37:29.102,80166,AM1V420 @425DB9,11095,8DFF14FC9AFF,-115,-1004,-102
02/08/2024 17:37:29.134,80198,AM1V420 @425DB9,11101,88FF19FC9CFF,-120,-999,-100
02/08/2024 17:37:29.192,80255,AM1V420 @425DB9,11107,8AFF15FC9AFF,-118,-1003,-102
02/08/2024 17:37:29.252,80316,AM1V420 @425DB9,11113,8CFF1BFC94FF,-116,-997,-108
02/08/2024 17:37:29.281,80345,AM1V420 @425DB9,11120,86FF16FCA6FF,-122,-1002,-90
02/08/2024 17:37:29.341,80405,AM1V420 @425DB9,11126,82FF18FC98FF,-126,-1000,-104
02/08/2024 17:37:29.402,80466,AM1V420 @425DB9,11132,89FF19FC9BFF,-119,-999,-101
02/08/2024 17:37:29.431,80495,AM1V420 @425DB9,11138,83FF13FC97FF,-125,-1005,-105
02/08/2024 17:37:29.491,80555,AM1V420 @425DB9,11145,89FF1BFC96FF,-119,-997,-106
02/08/2024 17:37:29.552,80616,AM1V420 @425DB9,11151,84FF17FC98FF,-124,-1001,-104
